<attack_graph>
<arcs>
<arc>
<src>2</src>
<dst>3</dst>
</arc>
<arc>
<src>2</src>
<dst>4</dst>
</arc>
<arc>
<src>8</src>
<dst>9</dst>
</arc>
<arc>
<src>8</src>
<dst>10</dst>
</arc>
<arc>
<src>7</src>
<dst>8</dst>
</arc>
<arc>
<src>6</src>
<dst>7</dst>
</arc>
<arc>
<src>6</src>
<dst>11</dst>
</arc>
<arc>
<src>6</src>
<dst>12</dst>
</arc>
<arc>
<src>6</src>
<dst>13</dst>
</arc>
<arc>
<src>5</src>
<dst>6</dst>
</arc>
<arc>
<src>14</src>
<dst>7</dst>
</arc>
<arc>
<src>14</src>
<dst>15</dst>
</arc>
<arc>
<src>14</src>
<dst>16</dst>
</arc>
<arc>
<src>14</src>
<dst>17</dst>
</arc>
<arc>
<src>5</src>
<dst>14</dst>
</arc>
<arc>
<src>2</src>
<dst>5</dst>
</arc>
<arc>
<src>1</src>
<dst>2</dst>
</arc>
<arc>
<src>18</src>
<dst>19</dst>
</arc>
<arc>
<src>18</src>
<dst>20</dst>
</arc>
<arc>
<src>18</src>
<dst>5</dst>
</arc>
<arc>
<src>1</src>
<dst>18</dst>
</arc>
<arc>
<src>21</src>
<dst>22</dst>
</arc>
<arc>
<src>21</src>
<dst>23</dst>
</arc>
<arc>
<src>21</src>
<dst>5</dst>
</arc>
<arc>
<src>1</src>
<dst>21</dst>
</arc>
<arc>
<src>24</src>
<dst>25</dst>
</arc>
<arc>
<src>24</src>
<dst>26</dst>
</arc>
<arc>
<src>24</src>
<dst>5</dst>
</arc>
<arc>
<src>1</src>
<dst>24</dst>
</arc>
<arc>
<src>27</src>
<dst>28</dst>
</arc>
<arc>
<src>27</src>
<dst>29</dst>
</arc>
<arc>
<src>27</src>
<dst>5</dst>
</arc>
<arc>
<src>1</src>
<dst>27</dst>
</arc>
<arc>
<src>30</src>
<dst>31</dst>
</arc>
<arc>
<src>30</src>
<dst>32</dst>
</arc>
<arc>
<src>30</src>
<dst>5</dst>
</arc>
<arc>
<src>1</src>
<dst>30</dst>
</arc>
</arcs>
<vertices>
<vertex>
<id>1</id>
<fact>execCode('10.0.0.2',root)</fact>
<metric>0</metric>
<type>OR</type>
</vertex>
<vertex>
<id>2</id>
<fact>RULE 0 (local exploit)</fact>
<metric>0.2</metric>
<type>AND</type>
</vertex>
<vertex>
<id>3</id>
<fact>cvss('CVE-2013-1959',h)</fact>
<metric>1</metric>
<type>LEAF</type>
</vertex>
<vertex>
<id>4</id>
<fact>vulExists('10.0.0.2','CVE-2013-1959',linux_kernel,localExploit,privEscalation)</fact>
<metric>1</metric>
<type>LEAF</type>
</vertex>
<vertex>
<id>5</id>
<fact>execCode('10.0.0.2',someUser)</fact>
<metric>0</metric>
<type>OR</type>
</vertex>
<vertex>
<id>6</id>
<fact>RULE 1 (remote exploit of a server program)</fact>
<metric>0.6</metric>
<type>AND</type>
</vertex>
<vertex>
<id>7</id>
<fact>netAccess('10.0.0.2',tcp,'0')</fact>
<metric>0</metric>
<type>OR</type>
</vertex>
<vertex>
<id>8</id>
<fact>RULE 5 (direct network access)</fact>
<metric>1</metric>
<type>AND</type>
</vertex>
<vertex>
<id>9</id>
<fact>hacl(internet,'10.0.0.2',tcp,'0')</fact>
<metric>1</metric>
<type>LEAF</type>
</vertex>
<vertex>
<id>10</id>
<fact>attackerLocated(internet)</fact>
<metric>1</metric>
<type>LEAF</type>
</vertex>
<vertex>
<id>11</id>
<fact>networkServiceInfo('10.0.0.2',gnupg,tcp,'0',someUser)</fact>
<metric>1</metric>
<type>LEAF</type>
</vertex>
<vertex>
<id>12</id>
<fact>cvss('CVE-2013-4351',m)</fact>
<metric>1</metric>
<type>LEAF</type>
</vertex>
<vertex>
<id>13</id>
<fact>vulExists('10.0.0.2','CVE-2013-4351',gnupg,remoteExploit,privEscalation)</fact>
<metric>1</metric>
<type>LEAF</type>
</vertex>
<vertex>
<id>14</id>
<fact>RULE 1 (remote exploit of a server program)</fact>
<metric>0.6</metric>
<type>AND</type>
</vertex>
<vertex>
<id>15</id>
<fact>networkServiceInfo('10.0.0.2',python,tcp,'0',someUser)</fact>
<metric>1</metric>
<type>LEAF</type>
</vertex>
<vertex>
<id>16</id>
<fact>cvss('CVE-2013-4238',m)</fact>
<metric>1</metric>
<type>LEAF</type>
</vertex>
<vertex>
<id>17</id>
<fact>vulExists('10.0.0.2','CVE-2013-4238',python,remoteExploit,privEscalation)</fact>
<metric>1</metric>
<type>LEAF</type>
</vertex>
<vertex>
<id>18</id>
<fact>RULE 0 (local exploit)</fact>
<metric>0.9</metric>
<type>AND</type>
</vertex>
<vertex>
<id>19</id>
<fact>cvss('CVE-2013-1064',l)</fact>
<metric>1</metric>
<type>LEAF</type>
</vertex>
<vertex>
<id>20</id>
<fact>vulExists('10.0.0.2','CVE-2013-1064','apt-xapian-index',localExploit,privEscalation)</fact>
<metric>1</metric>
<type>LEAF</type>
</vertex>
<vertex>
<id>21</id>
<fact>RULE 0 (local exploit)</fact>
<metric>0.9</metric>
<type>AND</type>
</vertex>
<vertex>
<id>22</id>
<fact>cvss('CVE-2013-1066',l)</fact>
<metric>1</metric>
<type>LEAF</type>
</vertex>
<vertex>
<id>23</id>
<fact>vulExists('10.0.0.2','CVE-2013-1066','language-selector',localExploit,privEscalation)</fact>
<metric>1</metric>
<type>LEAF</type>
</vertex>
<vertex>
<id>24</id>
<fact>RULE 0 (local exploit)</fact>
<metric>0.9</metric>
<type>AND</type>
</vertex>
<vertex>
<id>25</id>
<fact>cvss('CVE-2013-4576',l)</fact>
<metric>1</metric>
<type>LEAF</type>
</vertex>
<vertex>
<id>26</id>
<fact>vulExists('10.0.0.2','CVE-2013-4576',gnupg,localExploit,privEscalation)</fact>
<metric>1</metric>
<type>LEAF</type>
</vertex>
<vertex>
<id>27</id>
<fact>RULE 0 (local exploit)</fact>
<metric>0.6</metric>
<type>AND</type>
</vertex>
<vertex>
<id>28</id>
<fact>cvss('CVE-2013-1979',m)</fact>
<metric>1</metric>
<type>LEAF</type>
</vertex>
<vertex>
<id>29</id>
<fact>vulExists('10.0.0.2','CVE-2013-1979',linux_kernel,localExploit,privEscalation)</fact>
<metric>1</metric>
<type>LEAF</type>
</vertex>
<vertex>
<id>30</id>
<fact>RULE 0 (local exploit)</fact>
<metric>0.6</metric>
<type>AND</type>
</vertex>
<vertex>
<id>31</id>
<fact>cvss('CVE-2013-4242',m)</fact>
<metric>1</metric>
<type>LEAF</type>
</vertex>
<vertex>
<id>32</id>
<fact>vulExists('10.0.0.2','CVE-2013-4242',gnupg,localExploit,privEscalation)</fact>
<metric>1</metric>
<type>LEAF</type>
</vertex>
</vertices>
</attack_graph>
